Academic_Performance_Math,Academic_Performance_Science,Academic_Performance_Languages,Attendance,Extracurricular_Participation,Teacher_Recommendations_Rating,Standardized_Test_Scores_SAT,Standardized_Test_Scores_ACT,Personal_Statement_Length,Interview_Performance_Rating,GPA,Essay_Score,Leadership_Skills,Community_Service_Hours,Group
94,93,82,39,82,3,1360,17,405,1,3.356244665226244,57,9,456,Healthcare
97,96,51,12,92,3,1530,21,556,4,2.7482963170153583,78,8,125,Others
50,55,97,84,62,1,939,9,568,4,3.1395874876127747,46,8,232,Arts
53,69,95,75,11,2,952,30,613,4,2.9984042180672654,32,9,186,Arts
53,97,93,76,49,4,1199,16,841,4,3.2253762967015813,9,5,211,Arts
89,72,76,91,63,3,1465,14,608,2,3.4454575088978503,96,1,396,Others
59,95,65,47,9,1,1334,26,767,2,3.327818411502628,22,9,120,Healthcare
69,61,54,57,24,4,1110,17,271,3,3.524206777299404,55,6,402,Technology
71,61,60,21,68,3,962,12,414,3,2.2926088158245057,47,8,254,Technology
86,83,71,12,26,1,957,3,883,1,2.1880622810070856,30,8,304,Arts
73,57,89,17,52,4,940,34,621,1,2.6777988661585135,8,4,347,Technology
56,76,92,39,54,1,1100,29,892,3,2.9636557217501807,97,7,475,Arts
74,98,93,31,85,1,1076,27,976,2,2.4488051728586475,12,7,21,Healthcare
74,57,80,29,78,1,1119,2,189,4,3.5464490599398957,97,4,144,Healthcare
62,97,72,55,29,3,1153,27,854,3,3.439111888446183,88,1,166,Healthcare
51,82,50,65,1,2,1387,9,786,2,3.827157836593602,40,2,196,Arts
88,86,67,37,78,3,1150,20,575,2,3.4579203952906536,36,8,351,Others
89,68,62,0,0,3,910,28,454,3,2.2142906357237937,35,0,279,Healthcare
73,73,77,23,15,2,1560,23,145,2,3.3299896476681248,6,8,173,Others
96,71,93,13,33,1,1067,26,677,4,2.8241186754232306,47,0,227,Others
74,52,97,8,32,2,1097,25,300,2,2.519229554273288,25,9,399,Technology
67,58,72,84,69,3,949,21,819,1,3.203902844803994,50,9,17,Healthcare
87,60,81,53,30,1,1514,25,764,1,2.604380334678654,5,7,108,Healthcare
75,55,84,82,47,3,891,31,225,2,3.061712651361751,39,9,459,Others
63,88,84,80,58,4,881,13,729,1,3.151954770712819,41,3,380,Business
58,88,92,13,73,1,1286,29,108,3,3.0581338306350974,60,7,289,Business
59,86,54,8,7,4,1190,5,733,1,2.021373040507056,63,1,405,Arts
70,51,86,6,30,3,989,2,395,2,2.697477828333998,43,0,24,Business
66,86,69,27,85,1,1168,6,696,1,3.5809245285653413,25,2,334,Arts
55,55,94,37,30,3,1261,22,106,3,2.69379128829228,49,2,465,Others
65,55,67,35,41,4,1459,25,328,2,3.018758999546061,97,3,228,Healthcare
97,88,98,40,8,1,1049,9,402,1,2.6932641593825277,58,4,157,Arts
50,85,97,26,65,2,807,31,766,2,2.3984758149769037,77,9,415,Arts
68,74,56,94,85,3,1113,33,340,1,2.3995069413305736,52,4,493,Technology
85,99,56,76,8,2,1456,22,691,2,3.497719169280804,45,4,106,Healthcare
74,65,98,57,49,1,968,4,107,1,3.2559053192736718,7,4,453,Healthcare
99,70,59,45,64,1,990,21,485,4,3.864114082177916,79,4,485,Arts
79,59,78,80,91,2,994,18,384,4,2.842009319874075,19,6,386,Arts
69,54,63,58,50,1,1322,18,372,3,3.2731345187450476,51,6,308,Healthcare
69,99,59,23,48,4,1097,12,257,3,2.937079151679967,51,5,285,Business
64,74,71,72,89,1,1224,19,944,3,2.947875745738124,34,8,118,Technology
89,80,52,80,29,1,874,22,453,3,3.7081747512017547,95,8,287,Business
82,52,59,18,71,4,1130,35,229,3,2.90860548749702,26,6,482,Others
51,69,96,74,26,2,1471,34,598,1,3.8563336012625675,53,1,67,Arts
59,53,86,15,95,3,1393,10,769,1,3.2410145142952786,68,1,118,Arts
82,63,78,88,14,4,1284,28,274,4,2.170848585942287,57,5,140,Healthcare
81,61,50,64,19,3,861,24,706,1,2.135965832101809,89,3,227,Others
60,63,60,3,8,4,1269,34,469,1,3.9646284246893617,89,1,148,Business
73,86,63,90,39,3,1081,12,489,3,2.798718772089563,20,3,38,Others
85,67,93,20,29,1,982,9,505,3,3.1749176637011436,64,7,305,Business
61,76,52,47,23,1,1256,30,700,2,2.8631721393403846,55,9,374,Healthcare
78,56,87,62,77,2,1562,34,499,2,2.317792876989214,10,5,300,Business
84,97,57,97,40,4,1167,15,410,4,2.2511034061018673,30,2,284,Others
50,84,73,24,1,2,1257,31,972,2,2.4253923052499164,75,0,136,Healthcare
50,71,80,82,89,2,976,32,401,3,3.210675622459111,28,7,210,Business
86,70,67,40,88,2,1404,24,699,1,3.0930671747515177,12,5,138,Business
55,92,53,9,30,1,1584,22,659,4,2.6571768645730094,50,6,81,Technology
88,67,97,72,41,4,1040,3,569,4,2.0883484794163363,8,9,417,Business
90,87,84,71,80,4,1000,27,142,1,2.6480561002244567,5,2,233,Technology
67,75,66,92,62,4,1217,10,250,4,2.796606647304806,69,7,344,Others
65,71,68,41,75,4,1435,2,844,2,3.5128475658681353,37,7,57,Business
54,86,92,19,71,2,1488,4,132,4,3.4749679789868466,74,8,54,Technology
91,54,68,86,85,4,1198,18,460,3,2.442816193072065,47,6,140,Healthcare
92,97,78,67,88,2,1480,2,320,3,2.455347903988497,64,3,205,Arts
81,84,85,78,37,2,1121,31,671,2,3.255765654775539,19,1,2,Others
51,61,76,66,43,4,1486,35,403,2,3.3035526947905796,51,2,91,Healthcare
51,84,99,87,59,4,1023,34,977,2,3.122205552141038,26,6,28,Healthcare
89,83,89,24,36,4,1590,11,768,1,2.2239427606555875,13,2,276,Others
91,96,92,84,32,3,992,7,750,4,2.571440296783181,24,6,192,Healthcare
85,69,96,35,73,1,1516,6,889,4,2.0634064229221463,18,9,40,Healthcare
88,98,55,46,16,2,968,7,815,4,3.5231882949453066,73,0,232,Technology
61,61,78,32,35,4,1560,6,477,2,3.6130068547289707,60,7,234,Arts
96,83,93,34,3,1,1311,31,503,1,3.8409611988224492,12,3,21,Healthcare
68,75,69,42,39,2,1248,9,947,3,2.175831133568091,27,0,373,Arts
77,83,60,92,37,4,959,18,237,1,3.8124259124490747,77,2,23,Technology
50,81,60,37,3,3,860,23,124,2,3.8368504460543713,8,7,81,Others
64,95,59,82,40,3,1182,4,405,4,3.9954119848643685,54,4,157,Arts
85,56,77,55,58,1,1084,16,918,1,3.555777136088606,98,9,226,Technology
62,75,85,35,99,4,924,31,536,3,2.525275671282105,67,0,378,Technology
92,74,61,99,1,2,1304,7,370,2,2.5291177394378765,6,4,490,Technology
70,95,82,65,3,3,1497,30,456,4,3.376433755417989,78,2,426,Arts
61,88,88,93,11,4,883,23,387,2,3.3594653233243417,81,0,155,Business
54,66,81,20,3,4,896,11,457,3,3.3206584011909417,73,8,166,Healthcare
56,73,72,99,59,4,906,29,897,2,2.7062417364809908,17,5,246,Technology
54,76,77,46,12,2,1099,8,328,4,3.039594556560915,84,9,375,Others
97,53,71,98,96,2,1303,28,736,1,2.6029949582675984,71,3,9,Business
53,76,83,91,39,3,1380,20,273,1,3.1935814308326376,14,0,314,Business
62,96,94,62,50,3,1298,3,180,3,3.5448043545054206,85,9,253,Technology
86,79,91,62,0,3,1521,8,670,4,3.397392559469289,96,9,498,Others
90,52,93,78,54,1,893,13,361,2,2.8650106565696105,98,4,290,Healthcare
64,55,85,30,54,1,1286,20,694,1,3.0494568021126023,49,8,250,Technology
65,57,91,91,87,1,1338,31,789,4,3.544836993318717,3,8,55,Arts
70,65,73,51,71,1,1529,31,309,2,2.4657058183067226,93,4,421,Arts
85,64,90,4,59,3,1235,28,261,3,2.4425971980030954,22,1,175,Healthcare
73,85,73,68,65,3,1103,16,574,2,2.9699736262720746,15,0,217,Others
65,89,58,6,98,4,841,24,206,2,2.988272956561335,97,2,149,Arts
63,57,91,41,13,3,1255,31,406,4,2.0469454958640334,81,0,494,Business
71,88,95,3,56,2,1026,20,605,3,3.163892677800212,78,3,429,Others
98,79,97,39,30,4,1212,9,116,1,2.8354828646011296,3,1,31,Arts
99,99,65,27,85,3,1472,14,697,4,3.1527594099712726,96,0,11,Business
55,61,86,13,81,3,1297,3,401,1,3.8296473478781485,57,3,141,Others
91,53,51,44,23,3,1286,5,528,2,2.66623616607849,16,3,180,Technology
85,63,80,0,35,3,1452,6,249,1,2.215671688495897,68,9,15,Arts
50,74,87,74,33,4,1400,34,531,4,2.413037377579153,51,6,20,Others
81,54,92,93,6,3,910,25,894,4,2.6130741158244364,95,5,393,Others
55,72,50,78,24,4,1294,29,146,4,3.7269401919061957,24,5,360,Healthcare
80,79,69,0,34,1,999,22,470,1,3.0981485842274608,12,7,144,Technology
50,88,56,0,57,1,1257,15,591,3,3.990164133002348,23,0,38,Others
99,61,79,96,73,4,1095,5,830,3,2.570064031881012,53,4,424,Business
86,64,53,11,24,3,1101,18,360,3,2.137453632237738,13,6,46,Others
84,68,81,29,93,4,961,16,650,2,2.6023762725705764,44,2,83,Others
98,75,79,5,5,4,894,26,433,4,3.985189864895955,22,6,376,Others
79,94,66,69,48,2,860,13,685,4,3.486198329476262,55,7,400,Others
53,53,53,57,25,4,1250,30,426,3,3.830122699299571,87,3,69,Others
84,87,76,30,68,2,957,31,391,1,3.189689467417921,87,6,274,Business
92,57,56,18,38,2,967,35,112,4,2.550726900759647,86,0,90,Arts
63,79,91,16,0,2,1462,20,745,3,3.9088627579147612,82,2,231,Arts
98,64,87,81,59,4,1539,20,156,1,2.4583129047495835,24,1,96,Arts
89,61,61,75,78,3,853,32,896,3,2.794228068065629,76,4,43,Business
71,59,67,9,73,2,1504,12,310,2,2.586775614038883,11,7,491,Technology
59,61,93,9,50,4,826,8,829,1,3.2869180984866384,13,3,168,Technology
50,66,53,90,28,1,868,6,327,2,2.8360194519153517,0,5,57,Others
60,89,70,76,15,2,1301,14,976,4,3.914216416689045,63,8,74,Business
93,51,77,64,66,2,843,35,115,1,3.9348401574391736,15,3,223,Healthcare
73,68,78,28,36,2,1231,33,451,3,2.19382803602873,62,8,326,Others
52,78,64,77,7,2,937,33,391,4,3.856666185077377,89,3,294,Healthcare
84,50,64,87,81,4,1382,29,607,2,3.5959920303430932,33,2,153,Others
85,71,66,58,31,1,805,13,866,1,3.4246748722673526,90,9,123,Technology
80,74,85,48,43,2,1313,30,832,2,2.7255719627067787,11,6,73,Healthcare
53,59,88,27,41,1,1398,11,707,1,3.3591144797299854,93,2,316,Others
68,58,93,25,79,2,826,10,239,1,3.621332867841536,55,5,100,Technology
96,68,77,84,28,1,1445,20,253,2,3.660849491914601,74,3,71,Arts
85,61,88,76,54,4,1200,23,630,1,3.6115512370061076,21,1,147,Arts
70,78,73,24,52,3,1100,24,708,2,2.6400471801194985,88,6,261,Healthcare
67,67,70,5,42,1,1082,31,160,2,2.3700259840486684,77,5,262,Healthcare
77,65,73,34,31,1,878,14,583,2,3.087550701245818,33,8,155,Healthcare
64,53,84,76,86,2,1448,32,190,2,2.508452041808844,9,7,409,Business
91,92,82,59,57,1,1587,17,919,3,3.5699703646627823,45,2,240,Healthcare
51,74,51,43,23,1,1115,19,990,2,2.089339973047446,35,6,339,Others
86,71,72,79,68,1,875,2,578,2,2.850817095309056,98,2,167,Arts
60,78,71,59,64,2,974,16,168,4,3.5571760580453753,37,7,405,Technology
72,71,54,21,17,3,1589,33,370,1,2.161118208175295,87,7,248,Others
93,64,95,12,70,3,1250,15,361,4,3.373958290571707,61,0,486,Business
90,97,90,98,68,2,989,10,228,2,2.4621265129946095,66,3,332,Arts
61,51,89,5,75,3,857,7,274,4,2.2547877855978347,38,1,408,Technology
52,62,74,20,96,2,1210,4,360,1,2.6157737091676783,46,8,223,Arts
66,61,72,31,80,2,853,7,929,2,2.038672495988355,1,5,241,Technology
82,75,67,98,2,4,1168,16,889,3,3.260044994573647,93,7,91,Others
50,89,76,23,74,1,1252,30,863,1,2.6658177657801896,58,1,122,Healthcare
88,61,58,19,39,2,921,22,312,4,3.9874223989227966,95,5,62,Healthcare
69,76,55,85,38,3,1138,11,662,1,2.1956786938912867,68,6,49,Others
96,95,83,47,54,2,1478,14,483,4,3.7897685516840736,46,5,307,Healthcare
92,84,72,6,0,1,1249,28,211,4,2.9959154973782565,89,7,77,Others
90,51,68,68,9,4,1444,27,715,3,2.2354014381860225,41,5,269,Technology
63,66,60,73,75,1,925,27,114,2,3.7122346822973933,7,3,64,Others
80,51,79,24,44,3,1031,5,283,3,2.2220911273037043,67,3,332,Business
74,66,61,47,52,4,1203,30,809,3,3.291718561525944,39,3,147,Arts
52,83,80,32,81,3,1191,29,496,3,2.4904351252194274,7,1,183,Technology
53,83,57,74,47,3,1168,16,724,1,2.898235088412661,20,6,75,Healthcare
80,94,80,90,69,1,1173,28,541,3,3.146039846130872,88,6,316,Others
84,88,92,91,48,2,1277,33,615,4,3.8393509191753,24,2,201,Technology
93,90,71,16,38,2,1260,15,897,1,2.569027520975224,33,5,91,Arts
63,58,57,98,36,4,1125,5,901,4,2.7753896930565833,50,3,488,Business
98,63,75,22,4,1,1356,26,916,4,2.399191541582436,80,3,498,Healthcare
90,92,94,28,75,4,813,33,989,4,2.6872432706550087,73,3,423,Technology
58,69,69,28,39,2,1296,13,777,2,2.2516236558438196,28,1,55,Healthcare
69,82,75,78,93,4,1222,14,886,2,3.0961667922908225,78,7,355,Technology
81,73,95,89,62,2,1007,6,301,2,3.1184632275781023,30,9,423,Business
58,54,92,5,45,2,800,24,264,4,3.2467462724309133,45,7,314,Technology
76,81,53,66,75,1,913,31,724,1,2.460704759275804,74,5,431,Arts
52,72,70,35,42,4,1235,29,167,4,2.864711305708301,97,0,172,Healthcare
53,50,99,75,32,2,1508,22,852,4,2.082858174937911,28,0,123,Others
94,87,69,51,1,3,845,20,233,3,2.0805133752150677,63,5,15,Technology
64,81,87,77,47,4,1462,25,675,1,2.618925716776107,61,7,87,Technology
82,65,83,99,34,1,1598,24,300,2,2.978285902349104,70,9,351,Arts
54,69,94,56,42,1,1309,11,813,4,3.385948036324627,40,3,171,Technology
53,65,75,95,42,2,1344,31,501,3,3.5173469300292437,70,2,466,Arts
95,62,57,94,74,4,1431,33,462,1,2.80356196009184,85,9,54,Technology
61,95,87,5,42,3,1407,22,970,3,3.51121284319067,24,9,268,Others
72,60,70,29,46,1,845,31,211,4,3.455208021314656,49,8,240,Technology
63,91,84,91,79,2,900,7,571,3,3.2649483410769475,55,7,255,Arts
95,66,66,53,90,1,1500,26,976,3,2.2832595222974073,15,2,3,Arts
61,56,95,65,40,1,819,6,551,1,2.574487977153852,11,0,360,Others
66,71,90,61,80,1,1410,32,715,3,3.0677535035247327,46,6,81,Others
74,80,89,26,43,3,1457,28,615,2,3.6278638674962727,24,2,267,Others
79,53,83,28,92,3,1036,26,847,1,2.8066276336943217,82,8,358,Technology
71,66,83,39,64,3,1059,34,681,1,3.9341324928753503,88,8,354,Healthcare
96,50,51,97,63,3,1500,28,784,2,3.3308011394752715,87,5,316,Others
75,51,59,47,44,3,1256,17,606,2,2.6261112742093857,98,4,288,Healthcare
66,82,73,32,2,3,865,17,559,4,3.1228681603313424,5,0,385,Others
69,93,54,4,22,4,1455,16,653,1,2.750147362943471,78,8,63,Others
83,68,74,54,24,2,1064,31,399,3,3.82396228877771,31,4,299,Business
90,68,56,0,44,3,1176,35,991,2,2.0966943880027356,57,5,23,Business
82,72,83,11,83,3,1108,6,179,4,2.4578310700563035,39,6,1,Others
86,65,74,51,94,4,810,9,962,4,2.1931330619019196,54,6,318,Business
56,65,60,99,77,4,844,17,484,2,3.611239383896664,81,5,248,Business
71,78,79,68,7,1,940,29,756,4,2.382158804899333,62,4,55,Arts
81,57,97,26,83,4,803,6,602,2,3.48569476196416,98,2,306,Business
63,77,78,15,99,1,1078,1,261,3,3.1231929882327023,40,4,418,Healthcare
57,74,74,92,53,3,1452,20,273,4,3.6604319704737858,0,8,35,Others
74,74,53,16,62,3,1465,24,655,3,3.989897585382429,19,5,320,Others
65,62,68,70,29,1,1493,31,683,1,2.3084735731128037,27,8,283,Healthcare
91,63,71,95,84,4,890,35,181,3,2.3008346629365777,92,9,220,Technology
68,68,56,2,8,1,1352,18,521,4,3.2724310667754777,5,2,142,Others
90,64,70,17,74,1,969,16,269,1,2.0726087460089238,25,2,94,Technology
65,64,71,65,41,4,1440,11,394,1,3.6348359003976745,67,2,137,Business
61,70,77,32,34,1,1495,19,135,4,2.753278583699249,6,1,395,Business
88,57,76,97,46,1,859,28,405,2,2.79786944585244,20,3,473,Others
97,94,75,38,61,1,1542,15,309,1,3.1440916256649367,10,3,87,Technology
79,93,50,68,75,1,980,18,627,4,2.6841907815341512,1,6,372,Arts
51,77,96,94,72,2,955,4,154,4,2.6004704798359435,39,0,347,Others
81,94,53,4,55,3,1352,26,654,1,2.4099384376915483,21,1,286,Others
94,65,87,79,85,3,1284,25,445,2,3.43764294062047,77,8,127,Business
74,73,57,21,68,4,1525,32,428,4,3.537225121675892,37,5,95,Healthcare
74,61,66,10,47,1,821,24,785,1,3.2162053281074305,11,4,333,Healthcare
53,63,61,16,7,3,1254,16,243,1,2.47206760274496,54,5,456,Technology
68,79,61,2,56,1,876,22,339,3,3.389517886470075,25,5,146,Arts
97,81,94,46,85,2,1447,30,222,4,2.3157178122892113,68,4,144,Business
53,96,52,61,86,2,931,23,664,4,3.7565649234387797,0,9,68,Arts
92,68,55,46,70,4,1304,25,463,4,2.892652116886484,94,0,398,Arts
62,54,67,32,19,3,827,4,840,1,2.9517225478566553,92,8,139,Healthcare
88,78,64,23,43,4,1497,10,391,4,2.408296380900106,9,5,471,Technology
85,51,55,61,70,2,1041,1,710,3,3.231022242265807,81,9,257,Healthcare
72,99,64,1,96,1,1297,16,208,4,3.970097769684896,62,9,492,Arts
55,99,67,36,86,2,1144,15,924,1,3.178200970084208,15,0,59,Business
73,73,91,89,21,1,977,6,997,2,3.3046903091080777,53,4,466,Technology
93,66,96,8,11,3,974,18,839,1,2.576978331871092,51,0,327,Others
82,91,94,47,43,1,1513,4,192,2,2.651702816084663,39,3,410,Arts
61,76,80,91,67,3,1292,20,639,3,2.3927111801410677,80,2,373,Arts
90,98,84,0,96,3,836,19,353,3,3.0292033439350474,24,0,204,Arts
70,52,53,35,29,4,1320,2,995,3,2.295949153323199,38,2,297,Technology
60,97,50,26,21,1,1193,8,269,2,3.2369625524546324,43,6,297,Arts
93,67,79,62,81,3,1283,9,342,2,2.9306204484276575,17,0,176,Arts
87,70,94,52,69,3,1185,32,614,2,3.2486237860624296,44,5,210,Arts
78,88,94,22,91,2,1478,15,242,1,2.1414416992265215,53,8,68,Arts
97,50,94,31,1,2,1204,15,380,4,3.768114144239847,20,4,323,Others
90,56,50,1,33,4,845,21,590,4,2.757162756367499,9,6,361,Technology
52,94,67,93,40,4,972,19,119,1,2.4138627173639993,31,1,386,Healthcare
77,72,79,3,43,1,1401,32,199,3,3.0015674290123475,7,3,22,Business
69,65,77,3,51,1,1120,2,223,3,3.8596417933472447,90,4,10,Technology
75,60,84,98,94,3,903,27,391,4,3.388572293484515,55,2,172,Healthcare
73,84,86,36,82,2,1114,25,318,4,2.6801734404673985,86,2,104,Healthcare
96,90,71,42,54,3,1126,32,304,1,2.6076870947103807,96,5,134,Healthcare
70,88,80,20,79,1,1415,12,766,1,3.322573114052718,4,3,117,Healthcare
79,71,87,5,51,1,1554,12,978,4,2.177609313013775,18,1,101,Business
53,84,67,88,45,4,1329,30,883,1,2.730820364948363,83,1,165,Healthcare
85,82,88,83,93,2,1579,11,524,4,2.957355567216429,45,0,143,Others
89,92,65,54,4,3,817,27,201,3,3.5210349544378405,10,8,337,Business
59,94,51,3,56,2,1406,12,115,1,2.651034627194128,95,5,102,Arts
59,85,65,83,48,4,985,8,953,1,3.5843036571165046,6,3,487,Arts
91,91,91,23,20,1,1513,33,250,3,3.565374981256205,6,4,65,Business
73,89,72,48,16,4,1580,28,798,4,2.038926420837745,47,6,487,Healthcare
53,77,95,94,53,1,1438,8,223,1,2.3808262478605604,89,8,261,Business
96,98,67,30,85,2,1472,21,842,1,3.306788557342588,18,6,326,Technology
76,60,94,89,66,4,1183,18,103,2,2.992084120608594,15,3,78,Healthcare
94,54,72,7,20,2,1305,11,701,4,2.055272643108385,92,1,154,Others
53,67,63,42,56,3,917,29,947,1,2.719297762036863,5,9,392,Business
81,53,97,12,24,2,1039,7,317,1,3.2515471994547225,7,0,456,Others
59,87,52,4,43,3,1477,29,807,3,3.9833726795212607,12,5,77,Technology
60,80,61,27,84,1,1300,17,158,4,2.413748990359347,59,1,280,Others
77,73,59,76,63,2,1511,5,337,4,2.305438013300102,48,0,351,Technology
95,79,90,74,15,2,1038,6,288,4,2.7287369239584236,19,0,304,Business
57,88,97,43,97,3,1501,25,848,1,3.1018252583754613,32,0,341,Technology
89,80,54,53,24,4,1317,33,379,4,3.328998636067619,53,2,117,Arts
71,61,60,10,88,3,945,13,743,3,2.72162951402199,68,7,107,Technology
83,52,99,43,91,3,1074,2,955,2,2.4568832765864537,50,1,64,Business
94,79,56,6,61,1,1330,13,965,2,2.0104488608161084,42,1,78,Technology
84,57,94,71,3,2,1345,26,749,1,2.366893998087633,61,1,220,Others
84,59,58,0,19,4,1450,1,514,4,2.2001271288576634,53,3,288,Others
74,73,58,51,12,4,1105,6,499,3,2.4842197309052736,71,4,254,Technology
83,50,58,34,44,2,1321,13,740,4,2.645148945238968,52,3,315,Arts
55,98,94,96,74,4,1466,31,563,2,2.1574768028189313,2,3,449,Others
90,67,87,23,9,3,932,18,382,3,2.8116919177422273,23,9,246,Others
86,90,68,64,63,1,1401,29,673,4,2.335252159486614,12,5,159,Arts
50,71,52,71,92,2,914,29,572,2,3.162735103379922,32,2,85,Healthcare
61,80,55,30,46,1,1029,12,531,3,2.7557548299477483,96,1,202,Healthcare
84,76,79,18,95,3,1127,30,417,3,3.2793041314545186,67,1,319,Healthcare
55,65,87,32,87,3,1153,2,702,4,3.552308774680194,21,4,408,Arts
66,98,86,2,13,1,1585,1,726,3,2.169405989639884,27,9,143,Arts
58,67,92,38,69,4,1564,28,102,2,2.764957353345545,90,1,64,Others
51,60,79,12,45,4,1295,16,301,3,3.9555503603183846,61,0,121,Arts
67,67,77,64,7,4,1287,17,477,2,2.0046191921126475,3,3,407,Arts
98,53,67,72,41,1,1424,27,774,4,2.917822013542944,42,8,314,Business
85,89,61,3,16,4,817,14,900,4,2.9378191117072383,78,2,327,Others
77,59,99,13,50,4,1512,26,560,2,3.647443115208425,92,6,358,Technology
90,79,58,90,39,1,1414,24,697,3,2.580453813621146,85,0,347,Arts
86,53,74,3,35,1,1370,8,678,4,3.552061299392615,53,2,83,Healthcare
98,57,53,70,28,1,887,20,800,2,2.004400445126725,97,6,168,Healthcare
75,66,98,6,81,4,962,2,129,3,2.9815000355295993,22,2,169,Arts
53,84,61,20,37,1,1541,5,108,2,2.6386409765965357,44,8,251,Arts
89,54,65,58,1,3,1508,16,184,4,3.616311059381756,20,1,466,Technology
85,76,53,2,81,4,1442,22,836,2,2.805894557584676,7,4,312,Technology
80,86,86,85,30,1,1293,20,157,3,2.1397568392247117,28,0,406,Healthcare
79,56,89,47,34,1,1593,29,256,3,3.4167739299282367,74,3,43,Healthcare
99,82,71,52,3,2,1126,34,519,3,2.0264459750804544,74,7,444,Technology
83,67,79,58,33,3,938,11,356,4,2.6688330791611987,81,5,270,Healthcare
68,87,53,82,43,3,1331,25,850,1,2.9966599955096114,12,7,165,Business
67,77,61,80,89,4,884,26,343,4,3.4834848222191575,97,3,208,Technology
79,64,65,57,1,3,1237,8,814,2,2.626127825841908,30,7,96,Arts
70,72,95,43,98,4,982,21,487,4,2.2081949089443853,46,6,231,Business
52,81,76,33,56,1,1511,24,210,3,3.6505130735549534,85,9,168,Arts
55,58,65,69,49,4,1348,15,421,1,2.0196453243186694,78,0,417,Healthcare
87,79,83,93,40,1,1425,16,509,3,3.7462622649022537,38,8,288,Arts
62,78,61,79,82,1,1228,5,496,4,2.212995078296034,65,3,443,Healthcare
94,81,55,89,41,1,1358,31,672,3,2.2514019090971704,61,3,351,Others
52,84,80,24,54,2,1193,33,174,1,2.3324577286837926,67,4,492,Healthcare
97,67,54,60,85,1,1156,22,797,1,2.2966860189526868,38,9,95,Healthcare
77,78,82,64,47,1,887,2,596,4,3.589558103492264,31,1,221,Arts
71,97,87,61,92,4,963,24,506,1,3.621962728924906,91,4,284,Healthcare
89,66,93,77,65,2,892,1,977,2,2.3389359731341792,59,7,175,Others
89,58,95,12,41,1,818,15,833,4,2.2250352413332464,22,0,201,Healthcare
61,94,79,70,38,1,1390,28,686,2,3.1449612601709545,16,5,190,Healthcare
72,57,77,49,12,2,1543,14,415,4,3.3994139147133366,41,4,243,Technology
80,62,89,3,79,1,948,35,156,3,3.118079715008486,78,1,25,Business
67,82,77,32,28,4,836,13,150,1,2.055379732962141,97,7,87,Technology
56,70,79,49,25,4,1168,3,211,3,3.532176505002403,35,3,161,Others
57,93,58,99,53,1,1325,34,679,3,3.4283804318691824,76,4,496,Business
68,61,61,13,86,4,1419,15,859,3,3.43451915039984,32,5,162,Others
78,79,83,75,63,1,1288,18,388,1,2.414426457947812,69,0,165,Healthcare
93,90,64,17,91,3,1077,8,904,4,2.140565415377328,37,0,473,Business
69,50,88,68,77,1,1115,28,557,1,3.994568846060833,17,8,401,Arts
99,70,61,87,33,1,1039,24,215,1,2.955594465170159,72,8,247,Healthcare
91,95,60,47,78,1,989,2,325,2,3.4524854849211843,53,4,108,Business
79,78,75,74,8,3,1280,8,391,2,2.192834756824123,83,4,114,Others
96,63,82,38,68,2,1088,12,589,1,3.0098645277849823,57,3,231,Technology
71,87,90,48,46,2,830,11,617,4,3.008193317020046,8,2,410,Arts
59,97,56,36,85,1,1385,9,322,1,2.245716026830438,13,2,332,Business
75,89,80,93,45,2,891,15,271,1,2.703215289465308,53,5,461,Others
82,54,72,25,92,1,1245,30,197,4,3.782926677119415,8,2,230,Arts
77,96,61,35,22,3,1591,32,384,2,3.380429852407281,98,5,348,Healthcare
59,62,85,71,14,2,1148,27,493,2,3.4633415997391124,45,9,361,Healthcare
78,87,70,64,0,3,1122,17,201,3,3.7565775832650607,69,9,306,Arts
93,98,54,64,50,2,1588,32,866,1,2.620571197850434,17,0,433,Business
67,54,54,8,54,3,1142,27,975,1,3.579889405335951,18,3,152,Technology
91,91,99,67,50,3,1408,6,929,2,2.1930774450745028,65,7,451,Healthcare
50,86,79,6,9,4,1240,14,209,2,3.15509746370664,6,7,152,Healthcare
72,66,77,7,33,1,1077,10,194,3,3.0682961526853125,90,1,285,Others
66,68,97,51,40,1,1396,22,579,1,2.8623844002407903,11,9,452,Technology
92,87,69,77,40,2,975,3,157,2,2.4183383108471173,41,4,457,Technology
86,80,90,82,7,3,1221,33,549,4,2.855053028699487,76,7,324,Technology
80,96,76,17,26,4,888,5,246,1,3.688566278891275,98,6,304,Technology
74,85,76,3,29,4,1239,7,866,2,3.461406748177237,8,7,360,Healthcare
53,98,59,8,50,2,1482,2,283,4,2.8812064656858305,93,2,293,Healthcare
58,50,81,47,57,1,1325,13,821,3,3.9351773619140458,90,3,250,Technology
77,99,80,43,17,4,1228,23,266,1,3.5705838314106764,62,7,194,Healthcare
79,59,67,61,10,3,1403,13,255,4,2.0885212356319727,19,3,86,Business
96,83,57,3,43,4,1142,17,846,3,3.5014730471499593,7,6,55,Healthcare
73,98,85,44,62,1,1147,4,363,4,3.4370755593343354,60,2,200,Business
82,99,59,75,97,2,1443,23,347,2,2.098441310353766,81,4,45,Healthcare
69,62,78,49,65,3,1241,25,591,1,3.8531145312584476,79,5,320,Others
58,56,97,50,19,1,961,6,847,2,2.934077726534836,70,5,59,Healthcare
57,86,98,10,93,4,1597,21,218,2,2.4782549959051376,97,0,453,Others
73,85,57,43,6,3,1141,11,799,2,2.8964515819946017,34,2,268,Arts
63,88,53,79,5,3,866,26,972,4,3.667560933580021,40,0,443,Business
67,86,57,91,68,2,838,27,861,4,2.5010116391452817,1,1,18,Business
50,80,58,62,66,4,1208,26,346,4,3.828185586314527,78,1,330,Others
61,69,87,99,40,4,1009,31,324,4,2.129479617495672,24,9,283,Others
78,88,55,82,80,1,1389,26,965,4,2.178714168359946,99,4,386,Healthcare
86,94,83,62,71,4,1257,6,845,3,3.1986481168895016,69,1,115,Business
75,85,78,35,40,3,1545,28,830,1,3.0195939100820453,91,1,270,Others
82,64,96,85,24,4,1337,1,788,2,3.3430101591049115,63,2,367,Healthcare
92,79,88,28,87,2,837,34,770,2,2.086891856707196,29,8,369,Healthcare
64,67,99,59,52,4,1582,3,188,3,2.5204847378128505,64,0,480,Technology
72,53,58,97,22,4,1167,10,459,4,3.4062893627579367,71,5,390,Technology
78,79,51,89,41,1,1114,15,656,4,2.6888031366518645,58,9,60,Arts
70,77,52,74,6,2,868,24,798,1,2.6093093460363015,47,1,132,Business
68,53,66,1,78,1,1080,6,537,2,3.639553925816492,66,2,194,Others
54,83,52,21,51,4,1031,35,949,2,3.592126123679381,42,9,194,Business
72,77,61,25,39,3,954,32,821,4,3.4899818771915445,84,6,45,Healthcare
85,86,81,10,24,2,1050,3,656,1,3.255250832014985,94,5,217,Others
69,71,60,41,31,1,1449,15,261,1,3.908810287767829,3,9,73,Technology
57,89,70,13,20,2,1044,28,924,3,2.0421139915786197,79,2,479,Others
58,92,86,51,18,3,983,28,745,2,2.3052861992268894,83,8,126,Technology
63,60,64,66,35,3,1396,1,530,3,2.9197765570921184,77,7,280,Healthcare
55,79,57,82,96,1,1195,22,362,4,2.561379686912586,33,6,335,Arts
50,99,79,84,84,1,998,18,331,3,2.586718686827527,28,4,18,Technology
58,79,55,7,88,1,1148,9,248,1,3.960592531937351,61,4,270,Technology
65,74,64,40,96,3,1058,9,997,4,2.088440969652082,22,6,75,Arts
65,66,96,56,91,4,967,14,821,3,2.0517957450787083,68,5,170,Arts
61,50,65,85,44,2,1369,21,683,4,3.8702897108784766,86,1,239,Others
54,86,82,37,82,1,1050,22,648,2,2.320180081980165,1,5,416,Healthcare
89,84,73,46,22,4,1215,24,460,2,2.0859545645957125,48,5,77,Business
78,63,77,83,98,4,940,2,653,2,2.9170905582702176,34,0,398,Technology
95,51,56,90,31,4,1567,12,269,1,3.7637811407116533,65,6,490,Healthcare
76,52,59,55,50,2,1463,25,930,1,2.6121294749395076,82,4,18,Healthcare
60,52,51,6,18,3,1445,30,814,2,3.864502901019426,98,2,286,Healthcare
96,69,61,0,78,4,1495,32,619,2,3.730552306511645,47,7,330,Healthcare
99,62,73,8,7,2,992,22,929,1,2.560835765621281,18,4,439,Healthcare
77,80,56,85,11,1,1183,29,172,4,2.8708783845811294,34,7,121,Others
85,89,90,37,63,4,810,13,981,4,3.8474761338756407,51,1,226,Others
91,71,86,67,74,1,1469,29,538,2,2.2465735578913337,37,0,173,Arts
68,63,62,46,57,1,1119,2,539,2,2.123786672980439,69,6,227,Others
84,99,85,41,58,3,1010,32,762,3,2.377439203104651,49,1,299,Technology
80,76,55,92,38,3,1371,11,371,1,2.451242546706986,69,2,366,Technology
93,62,62,63,41,4,916,29,317,4,2.358778026075946,68,0,85,Others
68,99,68,57,86,3,975,22,526,1,2.063424133998388,48,7,84,Healthcare
95,50,50,39,64,2,938,12,645,2,3.435317853168166,43,6,22,Arts
73,51,51,65,34,4,947,5,839,3,2.323903892543256,1,3,463,Arts
51,86,70,51,81,4,1541,15,266,1,2.910777918823876,10,3,417,Others
56,60,63,61,42,1,877,32,985,4,2.240776716738747,19,1,184,Business
92,92,76,69,52,4,985,9,386,1,2.7310362217543624,72,1,475,Others
98,82,98,58,70,3,1348,23,976,1,2.7949352504309273,26,4,353,Healthcare
80,78,93,91,3,4,1315,35,397,3,3.825971951563486,49,2,480,Healthcare
66,52,71,95,40,3,1219,32,433,3,3.410633511093959,98,1,347,Others
76,78,64,40,91,1,1558,19,570,4,3.8122843471594248,67,2,96,Business
85,51,63,73,76,1,884,14,775,3,2.9781926630739997,10,3,497,Healthcare
99,63,90,53,39,1,1384,12,685,4,2.3386832987887987,2,1,476,Technology
92,69,53,7,85,2,808,22,464,1,2.819266487466067,18,1,381,Technology
59,97,91,99,25,2,1265,1,863,4,3.187356976006244,31,3,261,Technology
94,67,67,47,0,3,1180,18,368,1,3.082490329490418,35,2,20,Technology
63,86,55,69,34,2,1509,18,162,4,3.792610984011646,92,7,381,Healthcare
56,57,76,41,65,3,1021,34,754,3,3.184755592459182,48,8,137,Arts
88,56,77,28,43,4,1520,35,582,3,2.5132616425850793,45,8,101,Healthcare
89,59,93,85,37,4,1241,28,611,3,3.9051726590046583,5,8,38,Arts
58,65,95,11,89,1,1172,33,816,4,2.3478523364921986,69,2,273,Business
63,68,91,3,87,2,1539,25,461,4,2.9528765291358248,59,5,262,Business
57,79,63,18,42,3,1362,10,724,4,3.7753010246997336,94,5,452,Healthcare
66,92,95,35,68,3,1392,28,453,2,3.4198436814936573,38,4,202,Arts
72,68,98,46,52,2,917,27,431,4,3.0707648545313684,95,4,94,Healthcare
65,52,67,17,71,3,1211,14,348,4,3.3756561061515398,72,7,2,Healthcare
75,79,72,27,93,1,1408,25,799,3,2.8755869993817047,48,6,366,Arts
58,67,81,54,1,3,1103,29,666,1,2.793611764756111,70,5,402,Others
85,85,75,73,23,1,1250,32,826,4,3.2556760807547653,78,9,56,Business
56,69,78,19,87,4,811,33,968,3,3.4740164641759397,2,4,298,Business
67,66,63,71,88,4,882,27,281,3,3.8749204508478474,21,3,31,Business
57,73,57,71,89,2,1016,9,923,2,3.6730910946469537,65,8,285,Business
70,62,76,43,69,4,1336,18,550,4,3.921385012712658,19,3,52,Business
75,85,67,44,22,2,928,23,166,4,2.231772246729701,90,9,50,Healthcare
52,95,54,46,80,3,1421,30,164,1,3.9789469316940753,23,7,443,Healthcare
66,52,93,34,95,2,1244,1,435,3,2.4006035733403523,71,8,348,Healthcare
95,70,97,33,64,2,1000,7,670,2,2.1618078463240917,25,2,356,Others
73,53,80,74,67,4,887,16,597,3,3.3136210056980273,25,1,306,Others
74,67,78,69,97,1,1313,22,911,2,3.3469745756418026,8,3,341,Others
54,94,58,92,31,1,1051,19,829,2,3.9476445167246066,57,9,60,Arts
86,88,77,46,70,2,1149,4,764,2,3.5420473715447898,76,3,163,Technology
94,92,56,32,52,2,847,24,800,2,2.785316662651863,89,3,336,Healthcare
99,60,57,83,64,4,1414,12,615,1,3.20021082671155,95,5,233,Healthcare
73,87,76,39,8,4,1030,1,465,2,3.218908694501885,6,3,273,Arts
80,92,61,30,24,3,1036,25,376,4,3.53083747086826,98,4,283,Arts
75,90,87,95,70,1,1234,5,935,1,3.1621960754187324,39,4,211,Business
70,97,79,47,75,4,1011,35,147,1,2.7728813596499777,75,5,77,Arts
83,77,99,1,68,2,925,3,658,3,3.3629162028094477,27,9,161,Arts
87,54,70,32,62,4,1529,9,862,1,2.4802030113268625,44,1,217,Business
73,72,79,63,71,3,1438,5,930,3,2.699102484736264,55,7,141,Others
77,87,78,45,25,4,1307,4,836,1,2.1432622456396047,25,1,380,Business
79,85,73,55,51,4,1550,3,212,4,3.6324603361149608,35,1,5,Business
83,80,59,64,42,1,1346,13,785,1,2.141998184525988,47,6,169,Business
72,57,50,85,5,3,1281,26,543,1,2.5975936284908996,25,5,53,Arts
57,74,88,22,37,4,1554,25,544,1,3.851265824878707,42,4,88,Technology
91,74,69,27,4,2,1275,34,728,3,3.118819369205011,55,9,108,Arts
99,97,57,5,62,2,1161,10,798,4,2.4357598392524533,53,7,258,Healthcare
59,65,88,35,42,2,1308,5,618,1,3.9857743309264535,59,5,201,Others
50,60,53,35,12,1,1011,12,180,3,3.761458964324987,40,5,463,Technology
69,69,80,67,16,1,932,27,726,1,2.136360545344603,49,9,319,Healthcare
86,63,87,28,57,2,1235,10,163,2,2.4605701246684473,77,8,259,Arts
67,89,91,91,69,3,1529,26,982,3,3.284521186622638,90,6,61,Technology
70,87,55,9,13,2,1043,10,555,4,2.397606314005923,28,9,192,Others
98,89,66,43,11,2,871,29,699,2,3.0743558667577844,66,9,44,Business
53,68,76,3,86,4,1240,26,504,3,2.3317215214409295,68,1,336,Business
92,57,81,11,39,1,1438,5,993,1,3.3454110177412715,76,1,98,Healthcare
51,74,56,51,0,3,1363,31,413,4,3.0624722339853534,80,8,158,Arts
70,82,75,86,24,3,1023,34,963,3,3.9388644872003984,44,7,340,Arts
86,94,61,4,27,1,861,30,638,1,2.267626555099466,79,4,102,Others
54,89,67,29,30,3,1501,30,810,3,3.0614424983162434,97,3,177,Arts
66,90,81,60,88,4,1167,21,305,1,2.6234477792697906,99,3,218,Others
98,97,81,44,92,3,1506,17,916,3,3.2253775258313535,78,9,94,Healthcare
97,86,70,2,24,4,953,32,799,4,2.4065110809804136,18,3,86,Technology
60,92,76,94,94,2,1556,2,286,4,3.8507849206616926,21,6,206,Healthcare
95,66,89,69,52,3,1181,2,662,2,2.875843634300924,33,6,439,Healthcare
90,76,60,47,32,1,1475,31,450,3,2.863542761714715,28,7,35,Business
80,90,88,76,62,4,1022,2,202,3,3.5726500863138635,9,1,64,Arts
77,66,54,17,61,4,1044,6,335,4,3.8150365394221613,17,6,384,Others
93,96,89,79,99,2,1492,15,668,3,2.987947524142804,8,9,461,Business
81,82,65,56,86,2,1449,10,609,1,3.542578456626918,84,6,192,Arts
70,80,63,41,47,1,849,22,457,2,2.2878819269850643,25,1,238,Business
56,70,85,24,8,3,1265,4,657,1,2.5048182225578763,39,7,60,Technology
59,73,88,85,3,2,984,31,916,2,3.385980627400796,87,5,328,Arts
77,65,61,3,52,4,957,24,737,3,3.8534942176908955,5,9,206,Technology
97,94,89,60,78,4,1003,18,325,4,2.234417488758281,56,8,264,Technology
85,69,61,46,60,4,989,11,507,1,2.268774387370811,70,7,241,Arts
69,84,98,31,59,4,1218,7,168,1,3.95045447432409,33,9,361,Technology
62,77,86,70,81,4,1048,7,940,3,2.1824727183965122,42,4,385,Others
68,95,68,51,59,3,1310,22,884,1,2.085791794568032,98,5,449,Others
99,84,61,97,83,4,956,28,218,2,3.0635086708854553,28,0,386,Healthcare
60,67,84,47,88,3,1334,17,869,1,2.4488226419013572,10,5,271,Business
84,73,66,11,88,3,889,8,279,3,2.595253135366819,41,9,149,Healthcare
83,77,78,62,99,4,817,15,785,3,3.2357873867623277,92,9,430,Business
93,63,59,8,65,1,1567,5,692,1,2.7024928733327376,6,9,258,Others
53,98,87,62,76,4,833,32,394,2,3.991308429324892,51,6,336,Others
62,73,58,3,84,3,1409,9,596,3,2.4564420630086214,13,8,481,Others
86,80,67,55,7,4,1401,8,606,4,3.730550810311636,14,4,208,Technology
51,55,98,54,86,2,1268,24,360,2,3.750445538595239,69,9,154,Technology
99,89,94,41,44,2,1179,4,727,1,2.8751727980376716,48,5,71,Technology
50,83,78,54,79,1,807,18,894,4,3.9946726207581644,82,0,240,Arts
89,99,75,25,32,4,992,28,848,4,2.565600599815049,34,9,397,Technology
74,84,80,6,33,2,1068,18,175,3,2.182127474460826,44,2,227,Arts
86,78,87,71,77,3,1041,34,873,1,3.1343899490171747,26,1,132,Technology
85,51,80,63,1,2,1127,20,472,2,2.014943549294549,49,1,426,Arts
55,54,68,93,3,1,1399,32,266,2,2.9483275097762713,3,8,198,Arts
56,71,62,69,39,3,1350,23,591,2,3.6736075827265573,33,7,170,Healthcare
53,58,51,38,62,3,802,4,770,3,2.8394141516521687,94,8,251,Healthcare
84,83,77,67,62,1,1385,1,124,3,2.40798473806756,33,6,204,Technology
90,85,60,7,27,2,990,33,145,3,2.5113111011358367,90,9,353,Healthcare
83,98,53,43,58,3,1106,6,245,4,3.8276164547363765,50,8,204,Arts
78,85,66,23,98,2,1466,8,585,2,3.324425408260254,38,5,62,Technology
54,75,77,88,47,3,1324,6,809,3,2.3226237325500496,58,1,371,Arts
76,55,56,29,25,1,1287,16,795,4,2.9263869214989935,77,4,172,Business
82,51,50,51,80,4,1553,25,418,4,3.2291875866908293,23,1,227,Technology
95,85,57,17,73,2,1213,12,190,4,3.0102808215309507,73,3,461,Others
59,57,75,56,25,1,986,1,509,4,3.570177742201821,99,2,214,Business
55,51,53,43,64,4,1559,34,881,4,2.012584905447372,60,7,55,Arts
83,51,86,33,15,4,1126,35,376,2,2.5621286998451254,45,0,23,Healthcare
57,57,94,48,80,4,866,33,225,4,3.1491814241581206,45,9,75,Technology
80,75,71,78,7,1,1436,3,616,3,3.0777995075402096,17,8,97,Technology
58,86,99,42,23,3,1105,32,307,1,2.2081603938880923,74,1,425,Technology
70,63,58,80,40,1,1261,17,414,1,2.3504322202552093,89,3,252,Healthcare
57,94,97,1,38,2,1048,7,289,2,3.5059174461271345,70,4,270,Technology
53,77,88,53,37,4,1491,11,140,2,3.0695709700451994,0,9,281,Business
71,82,92,64,68,3,1599,23,998,1,3.279934741948753,47,9,234,Healthcare
77,93,83,56,98,3,1448,15,430,2,3.6335044417754094,97,1,14,Healthcare
94,69,86,15,86,1,1471,4,447,2,3.167653363668915,88,9,108,Others
53,84,54,80,60,3,818,23,753,3,2.6278988331772113,95,2,120,Healthcare
88,95,77,72,49,1,1241,17,496,3,3.046500587280633,40,0,159,Business
70,86,63,20,30,3,1146,34,967,4,2.26078339090588,48,2,92,Technology
57,66,63,61,97,4,915,21,687,3,2.5441544649989547,67,5,238,Healthcare
69,98,91,63,91,2,1214,35,804,2,3.3102608049566093,39,0,462,Healthcare
81,92,58,54,71,1,1205,33,520,3,2.082222002283612,68,4,114,Technology
50,93,56,43,77,2,1091,34,770,3,2.001701868182775,39,6,136,Healthcare
55,53,80,25,89,2,1437,32,234,3,3.774144847074127,6,7,278,Arts
77,58,62,0,37,2,982,22,865,2,3.928657630526753,50,5,124,Business
93,69,84,49,31,3,1561,1,992,3,3.81122532506226,47,4,110,Others
80,96,53,39,49,4,1375,23,212,4,2.4309231270726137,89,7,387,Arts
59,50,90,2,47,4,1528,18,590,3,3.509315607174716,11,8,3,Business
69,70,66,70,53,2,974,1,483,2,2.912936001266419,7,1,45,Healthcare
57,82,55,3,8,2,1408,9,602,2,2.141887735424863,29,2,120,Arts
71,84,90,30,18,4,968,34,600,3,3.5899722902065196,55,9,213,Business
87,93,79,13,84,3,1370,22,587,2,3.616349513364807,46,0,255,Arts
78,55,72,20,25,3,1124,33,997,3,3.443955014331112,13,8,471,Business
58,71,87,75,39,1,1213,17,757,4,3.993101499847224,67,3,167,Technology
93,74,73,11,93,4,851,18,653,1,3.9842342699053086,19,7,360,Arts
96,52,86,5,2,4,854,27,710,1,2.358840804894827,17,9,129,Technology
50,57,93,16,50,4,856,6,741,2,3.5908249274659205,40,6,452,Healthcare
90,94,84,77,81,3,1364,23,436,1,3.3196481951655397,9,8,298,Healthcare
88,61,56,62,97,3,901,5,164,4,3.4529358733666227,72,1,400,Arts
75,78,56,8,3,1,1287,10,314,4,3.9818010039048506,80,5,272,Technology
60,81,74,27,26,4,866,22,895,3,3.673238500521114,76,2,238,Business
84,51,62,6,53,1,1345,22,217,2,2.7830345858901064,88,9,417,Healthcare
73,66,67,42,88,4,1270,26,252,2,3.874931240867281,73,3,212,Business
82,68,81,4,63,4,806,16,326,2,3.7503309522823187,5,8,89,Technology
69,64,98,15,94,4,1405,34,742,3,3.4124671543024236,63,9,384,Business
76,71,87,60,57,1,832,25,898,4,3.873918665894024,36,3,451,Healthcare
64,97,50,0,65,2,1207,6,611,4,2.924533531210971,46,9,256,Healthcare
82,97,60,39,82,3,965,7,386,2,3.4265124638344893,88,2,261,Healthcare
56,55,99,37,71,3,1450,14,937,3,2.0081745894462957,19,4,201,Healthcare
83,83,94,6,43,1,1121,28,419,1,3.1371621637856,63,5,445,Others
94,92,54,93,69,1,1315,13,607,2,3.4473781322058406,83,7,117,Arts
95,52,81,58,58,3,1465,3,980,1,2.766023764997465,57,5,450,Others
91,77,60,25,40,4,989,21,828,3,3.7358365483459863,7,7,84,Others
54,90,79,76,19,1,1416,1,561,1,2.97013561460919,99,4,87,Healthcare
79,69,83,64,34,4,1516,20,501,2,2.565102711677935,39,1,237,Healthcare
77,65,91,62,85,3,995,23,649,1,3.0988900517393247,67,8,49,Arts
67,57,98,52,88,3,1538,20,566,2,3.8110315353567135,80,2,138,Others
85,94,63,50,94,3,1019,2,375,1,3.364897731148348,10,4,155,Technology
52,79,69,49,65,4,849,31,422,1,3.90015870041095,80,8,314,Business
70,85,91,28,0,1,1313,13,796,1,2.89523855180165,90,5,42,Business
95,83,62,71,88,3,1576,26,507,1,3.3169589840662423,38,2,44,Healthcare
65,98,94,65,47,4,902,18,629,2,3.256787241199236,75,1,253,Others
86,99,93,50,4,4,897,17,452,1,2.478246350678248,82,1,253,Technology
91,66,66,7,64,2,1163,16,928,1,3.48915100216586,99,2,38,Arts
54,74,87,26,36,3,895,26,645,4,2.135983367035877,88,9,140,Technology
99,55,64,40,60,1,1469,16,535,1,3.1502483572851876,49,5,138,Business
63,92,86,61,50,3,1360,28,886,4,2.35602991674508,84,1,97,Others
80,69,54,48,55,2,988,11,526,2,2.3766871187894276,79,4,288,Others
95,67,97,22,84,3,1564,9,709,1,3.959663087924179,9,0,399,Healthcare
73,95,50,14,68,2,1165,25,909,1,2.7690413382268204,6,4,304,Technology
84,82,99,63,5,2,1005,21,593,2,3.0392228729611652,2,8,47,Business
85,72,87,95,61,3,1468,16,229,1,3.3302275726537025,87,0,473,Healthcare
59,83,61,85,78,1,880,31,210,4,2.9965818397266464,61,4,158,Arts
76,88,94,52,22,3,1539,26,176,4,3.451752878143396,51,0,22,Others
76,59,55,7,79,4,888,10,164,3,2.052060449349863,71,0,179,Arts
72,55,90,36,83,4,1101,32,416,1,3.3534030931396113,67,2,305,Healthcare
62,62,96,80,76,2,1190,10,958,3,2.6487869950385132,83,1,424,Business
65,92,66,70,61,4,1074,10,655,1,3.758728193925343,39,3,396,Technology
84,66,66,20,39,3,1112,17,267,4,2.2868158404574803,14,9,460,Others
76,67,60,38,32,4,1473,14,412,1,2.0612869280069286,5,8,180,Healthcare
88,54,55,4,57,3,1320,34,322,2,2.121902188970298,19,9,119,Business
96,75,73,16,30,4,946,34,507,3,3.0443703281985615,66,1,12,Business
66,64,97,98,84,1,1289,20,204,1,2.430497342482035,42,5,28,Arts
97,95,53,56,20,4,1499,13,890,4,3.506355388519052,77,5,237,Others
90,67,88,14,58,2,1351,10,166,4,2.1110520004963726,24,5,82,Business
50,79,98,15,69,1,1464,17,573,1,2.4696577963384403,32,5,179,Arts
60,56,68,88,74,1,1321,6,798,4,3.6604832427410035,69,4,220,Healthcare
61,78,80,14,88,3,1296,34,736,1,2.09128231785498,43,5,171,Arts
63,60,66,10,75,3,1153,6,244,4,3.575225633678189,55,5,299,Others
57,55,81,4,21,2,1055,27,453,1,2.2235301184972878,27,6,42,Business
80,86,92,84,70,2,1233,30,791,1,3.6855180190569468,0,3,123,Healthcare
56,86,97,52,65,2,1153,33,215,4,3.568084355988833,17,8,454,Arts
95,70,71,75,52,2,1362,13,690,3,2.4375116231574268,79,8,310,Business
80,72,83,53,13,1,1528,5,835,2,2.803944911012006,26,4,473,Others
65,60,60,93,79,2,1199,6,147,2,2.9160091207762164,78,1,24,Others
91,93,94,67,43,4,1038,26,996,3,2.787553038096616,24,9,260,Technology
88,80,81,44,85,4,967,26,659,2,2.422063244467539,66,8,350,Healthcare
93,64,69,90,67,4,1126,4,606,2,2.4523157402064824,89,4,60,Technology
68,98,52,91,93,2,1201,28,210,4,3.3813917317372217,8,6,460,Others
57,51,69,2,9,4,911,26,122,3,2.3031142504915136,54,2,270,Business
78,90,81,60,54,3,1249,19,566,2,2.5639731828880477,62,8,182,Healthcare
51,57,69,66,88,1,1447,11,128,1,2.126051649256188,76,7,50,Arts
91,55,89,23,55,2,1076,27,431,2,2.436216671670204,91,0,143,Technology
52,65,89,28,55,1,1480,21,522,2,2.0756171006435,16,1,103,Business
78,91,83,53,56,3,872,33,173,1,3.3966774675911813,19,0,176,Arts
64,82,94,18,49,1,1172,13,997,4,2.808858170704033,54,1,140,Healthcare
87,73,94,59,20,1,928,18,499,3,2.755336574377149,56,7,408,Healthcare
77,64,80,65,37,2,1353,30,711,4,2.971276472164565,62,2,479,Technology
86,84,89,68,53,1,832,10,888,1,2.5225892291553214,9,4,465,Business
81,79,62,36,61,2,1270,6,958,3,2.720667184602811,12,0,70,Business
79,75,66,81,83,3,1180,3,735,4,3.181931343629766,53,9,391,Healthcare
96,54,66,24,40,4,1322,2,272,1,2.4490477329862035,78,4,393,Others
79,50,56,89,67,2,821,20,496,3,2.923935894357422,63,1,332,Business
83,76,54,76,37,3,1431,21,339,4,3.1498453025584316,81,0,52,Others
62,70,95,34,3,3,1369,12,717,1,2.276187994407336,4,2,273,Others
82,55,70,85,84,2,1357,19,782,1,2.613939874434327,23,0,421,Arts
91,74,80,56,38,2,1123,35,179,1,3.104424553872209,58,8,439,Technology
66,67,62,63,94,1,997,26,920,3,2.8025196302525766,33,8,217,Healthcare
52,54,83,73,33,2,1083,19,809,4,3.4319892085567423,5,7,72,Healthcare
58,82,76,36,89,4,1018,10,825,3,2.4626435754346154,91,5,382,Arts
60,99,68,41,41,4,1196,28,896,3,2.9414474218147655,13,9,21,Others
98,67,56,6,22,4,1120,24,394,2,3.6420921409143947,60,0,273,Business
76,58,52,17,66,3,803,2,491,2,2.285538633387264,85,3,68,Arts
77,59,76,31,57,4,1227,20,631,1,3.7898558272779015,44,5,413,Arts
51,86,96,6,27,4,1408,7,490,4,2.8944917700557795,35,2,421,Others
50,81,75,50,58,1,1352,29,688,1,2.9596805885445363,78,1,153,Business
55,80,63,16,28,2,820,29,237,1,3.271816812471223,18,2,200,Arts
74,59,77,30,60,1,1582,30,126,1,3.0836671426487388,45,8,487,Others
84,94,87,28,99,1,1336,32,248,1,3.6465002662929296,56,6,11,Others
65,98,95,75,47,3,1088,17,458,2,2.3732801925470444,55,2,87,Others
53,85,71,32,33,3,1129,32,648,1,2.259809267966043,79,5,91,Others
96,82,93,89,25,3,1126,2,986,2,2.526969338461728,61,7,400,Arts
87,64,55,38,74,2,867,25,259,4,3.99562670753883,47,8,456,Healthcare
93,73,99,29,72,3,1212,35,397,2,2.197728832465204,62,3,20,Arts
69,82,75,2,81,4,1315,12,312,1,3.0609036186709773,16,6,289,Others
74,78,62,83,89,1,1263,28,756,3,3.546761470552563,36,8,25,Business
56,93,56,76,7,3,1024,32,516,4,3.6651923066909173,92,8,334,Arts
70,83,97,18,51,1,1222,1,575,2,3.9148493859915128,54,4,137,Business
56,96,59,64,29,3,1420,4,560,2,3.990333800977834,64,7,409,Technology
78,94,60,41,39,4,1554,3,259,3,3.1045123153755103,94,8,196,Others
56,58,58,22,41,1,1509,3,147,2,2.4815736819642673,40,4,358,Arts
52,87,76,17,20,2,801,18,343,3,3.0397928870660573,45,7,97,Others
78,52,66,42,33,1,945,13,714,1,3.4720643652231056,10,9,244,Business
78,67,81,4,10,1,990,24,648,1,2.9533354051548386,24,6,256,Healthcare
88,65,80,4,76,4,1231,7,853,1,2.544620394919797,18,2,296,Healthcare
87,53,87,18,47,2,1064,23,251,2,3.644186049880374,33,1,205,Business
55,71,88,69,2,2,1129,15,382,3,3.658229776765565,41,1,206,Arts
95,98,98,14,96,3,1236,1,407,4,3.101295782636927,6,7,203,Others
59,79,56,10,88,3,1353,21,660,3,3.2031200059512894,99,1,5,Arts
86,87,98,50,53,2,824,33,611,2,3.027068334468007,57,9,24,Business
63,72,56,93,69,2,1375,19,945,3,3.564274658877021,66,2,251,Others
71,68,51,83,19,2,871,26,217,2,3.774156395171081,80,1,269,Business
81,57,97,34,0,3,869,31,770,2,2.0040238409431765,30,1,378,Technology
67,99,51,3,17,3,1415,32,219,2,3.94725399256789,60,8,234,Technology
85,76,71,8,87,4,1460,16,472,4,2.68824147394583,63,8,194,Arts
95,54,96,90,84,2,1249,25,179,1,2.7982546833443847,81,1,386,Arts
58,95,50,82,58,4,1001,23,806,4,2.7353664008833647,31,9,393,Healthcare
75,75,72,68,36,2,1146,3,943,3,3.6887267666577745,59,5,480,Technology
71,76,86,7,12,4,968,24,488,3,3.473585277881006,21,5,193,Technology
95,97,76,93,44,1,1168,34,565,4,2.3578217851895604,96,0,237,Others
87,69,70,35,79,2,1158,9,676,4,2.816187111515881,61,4,238,Healthcare
72,64,70,79,37,4,1205,16,256,2,2.005453463124037,87,4,39,Business
66,68,89,46,24,3,1132,20,840,1,3.6062266424729295,61,6,65,Others
75,82,84,45,45,3,870,15,539,2,2.4725609524388528,28,8,338,Healthcare
96,77,99,67,52,4,1216,12,203,2,2.166033380586845,91,0,410,Others
87,86,96,58,84,2,1226,29,418,2,3.3215379373690563,11,3,169,Healthcare
51,88,80,3,60,3,1516,32,338,3,2.438191212343141,73,3,79,Technology
55,70,77,70,7,4,1142,18,798,4,3.0980153673596345,3,3,135,Others
56,94,86,66,23,4,820,15,563,3,2.3224098085404057,80,3,259,Arts
62,53,59,24,20,2,909,32,326,1,3.5802167055291925,51,1,367,Others
76,68,58,55,69,1,1577,35,426,2,3.9639470504423757,73,9,121,Healthcare
60,63,70,59,7,3,987,32,657,2,2.214984116373791,19,5,424,Arts
64,99,73,35,36,4,1412,20,263,3,3.682825221744695,67,3,164,Technology
58,81,98,3,9,3,931,20,665,4,2.9795791041554365,32,2,301,Technology
57,83,89,71,69,4,1545,24,492,2,2.102821730595287,73,2,32,Others
95,68,93,27,25,2,1375,13,305,1,3.042615190083721,14,7,78,Arts
55,62,92,66,33,2,862,17,499,1,2.9638458384468445,57,1,301,Healthcare
97,97,63,71,84,3,1192,34,819,4,3.7828260058622236,47,9,302,Others
92,77,97,10,64,2,1084,31,854,1,2.680783574407566,59,2,165,Arts
53,89,59,63,33,3,1043,28,336,2,3.5149843331531443,88,4,484,Arts
60,84,77,5,83,1,813,4,609,3,2.2646120200893822,20,0,414,Arts
77,57,76,40,73,4,1271,23,831,3,2.7770065051157786,97,5,139,Business
75,80,87,86,2,1,1182,2,548,2,3.0787176728550874,84,6,340,Technology
53,95,84,52,16,3,1311,15,942,2,2.363044610589343,88,4,374,Healthcare
64,66,56,43,87,2,1427,28,366,3,2.3955400595685186,7,6,425,Technology
68,51,91,65,61,3,1196,1,594,4,2.490681763431194,76,6,228,Others
55,74,95,6,58,2,1540,10,580,4,3.4855928932439593,10,6,247,Healthcare
54,66,87,28,25,3,909,15,295,1,3.886981811822822,72,6,408,Arts
67,95,56,5,42,1,1389,33,780,1,2.254310589711597,1,1,496,Technology
55,77,71,74,80,4,1079,27,411,1,3.095879880355694,92,2,298,Arts
80,87,53,7,17,4,1031,13,996,4,2.2942075497599923,92,8,296,Technology
74,74,61,29,40,1,987,15,903,1,2.1085116726290556,38,6,11,Arts
53,98,92,82,60,1,1049,20,768,4,2.0789141446910606,80,3,33,Business
55,62,61,47,81,1,918,30,450,4,2.8578129662991536,28,9,296,Healthcare
90,54,79,60,41,3,1001,18,797,2,2.8506455185860586,69,7,173,Business
86,98,64,63,38,1,1031,7,181,1,3.328384874097427,33,0,307,Business
99,96,69,66,76,4,811,34,169,3,2.779863519938079,68,5,20,Business
74,90,76,41,70,2,809,14,837,4,2.4594328392456983,38,2,404,Technology
83,64,93,29,24,4,1377,23,986,3,2.1926066110004454,46,5,482,Healthcare
68,99,66,96,33,1,1018,1,335,3,3.1423155196584025,10,7,332,Healthcare
83,60,85,49,78,2,1195,23,913,3,2.4346770604057393,31,5,145,Arts
64,77,67,60,69,4,1114,15,361,1,2.7543010323823083,20,0,7,Technology
99,64,66,52,9,4,875,6,892,3,2.0350606769256503,92,0,69,Arts
57,88,60,25,37,4,929,11,851,1,2.4980841176051967,7,2,328,Others
93,63,59,36,11,1,921,4,569,1,3.3020056205872885,28,2,175,Healthcare
96,54,85,19,25,2,1086,5,625,2,2.246275628517779,22,5,291,Others
98,72,75,96,16,1,1217,31,611,3,3.3227107683984336,10,6,434,Healthcare
83,65,76,91,83,3,1036,6,763,1,3.720841666585179,5,4,375,Others
67,79,65,26,61,1,887,12,449,1,3.7387378538830793,62,9,380,Technology
79,64,77,56,23,1,1588,14,303,3,2.3147916982455072,78,7,445,Business
62,92,54,56,50,3,1120,13,575,3,2.934665304838457,66,2,110,Business
96,75,88,28,9,1,1470,8,610,4,3.7891273140522657,95,9,171,Business
82,61,71,45,42,3,1268,6,785,3,3.459852400623066,84,7,36,Arts
84,81,89,87,41,2,965,11,335,4,3.73277275696066,6,2,414,Healthcare
73,77,99,82,26,4,1590,31,294,3,2.7737860246534893,74,9,384,Technology
75,72,73,5,42,2,1373,4,525,2,2.998025328687622,44,4,154,Arts
96,96,94,65,62,3,1098,35,619,4,3.7902281057691347,4,8,370,Arts
93,93,88,85,11,3,1104,2,755,1,2.8580274216910926,67,5,351,Others
91,70,93,34,71,3,905,17,484,1,3.340335407806133,67,7,5,Technology
96,52,93,1,91,3,820,18,578,3,2.8491815440168606,92,6,428,Others
50,75,72,93,32,3,1191,8,531,4,3.4160129606105527,80,6,163,Healthcare
62,50,78,98,30,1,1505,19,223,1,3.2264496314807207,79,0,117,Others
59,81,96,14,86,1,920,22,142,1,2.8832069863748684,19,1,326,Arts
68,96,93,30,29,3,1229,23,842,2,3.0980439960597943,71,2,210,Healthcare
54,56,56,9,32,1,1342,31,341,2,3.196297787475446,74,0,152,Others
57,68,63,54,66,3,1452,5,432,4,3.7581164052095835,58,8,20,Others
53,72,63,27,22,2,1253,32,564,1,3.3537423774917876,67,8,459,Technology
98,96,67,7,47,4,949,4,257,2,3.4275089463556747,36,2,490,Technology
62,75,90,76,40,3,997,10,955,3,3.9398531838347877,16,6,491,Others
87,63,80,93,24,3,816,10,939,4,2.135323513937503,76,8,276,Others
95,62,54,36,14,2,1355,35,722,2,2.37522712683588,29,0,300,Technology
98,87,68,38,2,3,1182,31,936,2,2.636244586166052,37,4,276,Others
95,69,98,92,67,2,1335,13,643,3,3.892134687314174,48,2,93,Technology
68,81,52,85,33,2,968,9,260,4,2.457110051520732,94,0,117,Others
99,78,77,87,42,2,1221,25,999,3,3.130189145556787,94,3,184,Arts
57,69,58,37,36,3,1167,10,201,4,2.235522260942794,73,7,462,Others
76,90,93,20,0,2,1416,7,498,2,2.5413344074910054,78,4,64,Technology
99,90,65,13,24,4,1227,9,422,4,2.5522194294257012,15,4,175,Others
96,75,73,40,50,2,1488,18,116,4,3.4169325258540475,71,9,74,Technology
79,97,97,50,38,3,937,10,259,2,2.21765816387341,86,3,382,Healthcare
53,79,80,54,55,2,1564,2,226,4,3.513968988137269,42,1,117,Others
60,78,63,65,12,3,1236,1,215,2,2.6070923716563685,18,0,246,Business
70,92,78,72,15,4,1548,15,123,2,3.466940844255361,23,6,434,Arts
92,60,96,58,26,3,853,28,829,4,2.7331222308285033,80,1,283,Healthcare
51,70,64,73,23,3,1566,27,383,4,2.8528021174417675,52,1,214,Business
70,67,96,49,56,4,1188,35,833,3,2.251661519807584,62,8,297,Healthcare
66,50,95,17,93,4,1468,6,379,1,2.2136838191384474,56,2,178,Business
92,89,83,49,16,3,1297,8,944,4,3.0836836808986208,6,1,263,Healthcare
78,88,54,89,82,1,835,19,841,1,3.274140306875182,42,2,200,Healthcare
76,84,60,87,45,2,1332,16,908,3,2.1842613406556626,49,5,237,Arts
73,51,68,57,33,4,1062,30,534,2,2.278864487576795,56,7,32,Arts
98,98,86,74,3,3,1353,17,368,2,2.064885502046935,61,2,33,Technology
52,72,58,90,58,2,1017,4,413,4,2.3248173957237066,59,5,313,Healthcare
88,95,59,13,71,2,1038,6,775,1,2.445155041747663,86,4,214,Technology
59,99,96,31,57,1,1197,27,804,4,3.3814061909060626,30,8,25,Healthcare
52,72,63,21,20,4,945,35,450,1,2.1304292944332515,30,5,88,Others
94,89,62,97,88,4,911,34,629,2,3.3748130182734357,43,3,126,Others
91,78,79,1,66,1,1377,25,155,3,2.81085694732372,10,4,83,Technology
75,51,64,96,60,1,1401,35,384,4,2.2859074466476264,53,4,24,Business
86,71,90,43,10,2,1359,11,276,3,3.964658346563161,65,3,127,Business
76,52,63,55,51,2,1142,3,941,3,3.008538044165892,85,1,363,Others
54,82,59,70,98,3,1354,2,230,2,2.588368555059522,54,5,442,Others
91,56,96,34,88,2,950,1,903,2,2.1110103428775417,45,6,31,Healthcare
60,88,62,94,0,1,947,12,878,2,2.628643288186538,92,8,320,Healthcare
62,85,87,46,70,2,1085,8,653,2,3.2249124625841663,71,6,190,Business
90,86,79,90,13,1,1558,18,486,1,2.491545823775085,85,5,105,Arts
83,73,95,17,25,1,1124,9,172,3,3.138482901919823,32,4,323,Business
87,68,61,12,91,1,1268,33,208,4,2.556556252791104,78,7,369,Others
89,88,94,52,47,1,1165,2,126,1,2.088908854831054,88,0,421,Business
82,75,91,47,69,1,1484,5,310,4,2.826332523804473,50,9,425,Others
83,96,99,39,23,1,1263,18,760,2,2.7132405754203717,10,4,118,Healthcare
76,65,74,48,51,1,1572,29,543,4,2.491780319139947,43,3,176,Arts
85,99,58,55,54,2,852,32,590,1,3.0579436631187438,8,0,108,Arts
75,77,65,25,24,4,1120,18,561,1,2.779245648644409,56,2,265,Others
74,71,82,64,77,2,1329,1,113,4,3.8998909355960416,12,5,445,Arts
68,51,94,60,21,3,1457,20,114,4,3.242458246830515,58,3,127,Others
70,59,66,30,13,4,1223,26,580,1,2.716308285857408,26,0,53,Healthcare
80,67,94,92,66,4,1416,30,239,3,2.4286733868911647,5,0,340,Business
78,61,99,87,41,3,1074,8,467,2,3.3302477172887337,51,3,173,Healthcare
58,50,61,79,1,3,1189,27,916,2,3.8402574382967023,66,9,280,Healthcare
68,53,65,38,58,1,1114,7,286,3,3.2542262214476962,25,3,294,Business
75,86,75,86,52,2,1312,32,364,3,3.6587844852876126,91,7,247,Arts
74,70,71,48,0,4,1431,4,597,3,3.368457342195942,36,4,35,Others
89,69,72,7,57,2,1347,5,592,4,3.8943630090169625,55,7,380,Healthcare
92,97,67,37,14,2,1081,2,140,3,2.8144178122159884,57,8,69,Healthcare
78,55,78,66,7,3,1140,13,148,2,3.5454504963182947,53,6,422,Others
74,70,77,77,48,1,1405,9,262,3,3.018371937443541,34,0,227,Business
68,54,94,20,73,2,1249,34,265,2,2.0989829343112567,30,0,356,Others
53,91,58,46,49,3,1356,34,967,3,2.0265244805071543,76,3,69,Others
94,66,77,93,4,4,1542,30,721,2,2.8502469300496145,64,0,281,Healthcare
69,66,78,32,16,4,1060,30,908,1,3.319948780978563,19,5,356,Others
95,55,89,52,16,4,1510,23,733,1,3.7265450747728517,66,3,376,Technology
50,82,93,55,63,4,1457,26,622,4,2.0652463194519344,76,5,15,Technology
60,72,89,19,16,3,1021,30,147,3,3.883688202651058,30,9,257,Technology
53,53,85,56,67,2,1245,4,991,3,3.769521023977555,23,9,254,Healthcare
56,58,80,22,54,2,1072,28,635,2,3.7472344091958574,65,4,182,Healthcare
77,78,91,86,2,2,994,14,156,2,3.285339561922905,70,4,289,Business
85,91,59,60,32,2,1390,27,778,1,2.9333161246618635,13,7,199,Business
56,60,93,34,57,2,1162,25,232,2,3.607987888070319,24,5,46,Healthcare
69,88,67,61,70,4,1489,35,930,3,2.4123483984296348,17,2,477,Business
84,78,66,54,85,3,824,26,787,2,2.5845831478764176,53,6,90,Arts
88,81,50,38,28,2,1205,32,894,1,2.3453865998910737,49,4,184,Business
70,94,76,85,22,3,1320,16,811,4,3.995963624189212,39,6,90,Healthcare
93,61,57,92,27,3,1512,23,344,4,2.384362567528571,51,8,395,Healthcare
50,84,68,48,49,2,1089,34,343,1,3.4015018372484396,18,5,165,Healthcare
86,77,61,34,4,4,869,12,190,1,2.924144539413808,28,2,451,Arts
95,99,62,61,4,2,1408,18,125,2,2.0665905698549514,77,9,153,Technology
91,57,63,65,95,3,1056,29,397,4,2.1625270732767694,91,4,224,Healthcare
52,89,58,54,66,4,1171,21,120,4,3.8588567289139495,44,9,132,Arts
83,88,90,17,89,4,1062,9,259,1,3.48908537516966,10,0,64,Others
62,55,68,52,94,2,1198,6,466,3,3.0920195698132673,99,2,24,Healthcare
65,59,67,34,75,3,965,31,859,3,2.418929605057528,66,6,6,Business
83,74,92,43,74,2,1148,3,282,1,2.012712278901692,63,4,132,Arts
73,62,94,13,66,1,1264,21,230,2,3.545299834423511,75,8,416,Others
62,90,84,17,75,2,1109,25,546,3,2.6245972341516284,88,7,107,Business
55,83,61,31,76,4,829,14,923,1,2.428081159340188,40,0,344,Arts
88,64,73,21,84,2,1432,20,744,2,2.3446230542432582,19,1,115,Technology
51,95,56,98,9,1,922,34,640,1,3.617592769562867,20,4,340,Business
60,65,64,1,35,1,1541,29,369,4,3.2412658123760107,96,8,177,Arts
56,54,96,69,51,2,931,17,125,1,3.2826015561219233,47,0,315,Technology
56,72,93,47,6,2,874,20,961,2,3.8508745189752376,95,8,394,Technology
88,52,51,38,31,1,1097,16,213,2,3.7835980871588886,0,0,340,Business
88,57,64,63,27,3,1223,11,182,2,3.360922469714668,46,1,97,Others
61,95,87,31,10,1,896,20,634,2,3.922053874718957,74,0,67,Business
71,58,56,92,48,2,1216,10,534,3,2.457922016232639,12,7,142,Technology
52,55,97,68,72,1,956,14,475,4,2.0392044661238633,79,7,106,Arts
62,89,94,37,89,4,1070,10,991,4,3.843413555855503,63,5,452,Technology
79,65,59,7,79,4,1279,30,599,1,2.5286559515001628,78,1,80,Business
59,65,53,67,26,1,1157,2,209,2,3.946205934344884,70,0,3,Technology
58,91,59,54,69,2,1027,20,452,2,2.4480781177083344,19,8,246,Others
55,75,84,21,82,1,1137,33,651,1,2.5569191907806674,64,9,69,Technology
93,72,80,21,64,3,1117,35,757,1,3.8188996455500774,75,7,440,Others
51,75,51,57,36,1,1090,31,678,2,3.6253103155349846,25,0,4,Others
93,75,88,90,32,1,1410,27,412,4,2.1947824517319,15,9,115,Arts
65,69,64,66,37,1,1139,1,767,3,3.1509424970551203,36,4,470,Technology
62,79,66,92,82,1,1298,18,178,4,2.3155032124469965,80,0,28,Arts
97,59,80,47,77,3,1252,32,440,2,2.14334315054919,90,0,1,Healthcare
62,61,63,32,83,4,1387,24,260,4,3.2247636576093055,41,4,392,Arts
71,85,72,33,66,2,931,33,731,3,2.1561050406998468,33,9,230,Arts
68,76,96,99,40,2,913,18,252,3,2.9437899717120812,78,2,104,Others
75,89,85,58,0,4,834,8,431,2,3.229025522520752,6,4,458,Others
63,68,73,32,38,2,1011,8,178,4,3.8782053433919605,99,1,228,Healthcare
80,58,87,17,64,4,1512,17,114,2,3.842544398191792,36,6,335,Others
78,51,79,9,9,2,1289,31,848,4,3.2149149089768194,86,9,319,Others
94,85,95,99,62,4,1262,31,492,3,3.0054250382210537,26,3,188,Arts
91,99,92,44,49,2,1516,35,913,4,3.3007823645063725,27,8,393,Others
71,96,76,86,3,2,1265,26,601,2,3.8499309856620196,59,9,70,Technology
56,60,68,5,5,2,906,19,317,1,3.9818808397681353,75,9,87,Healthcare
86,60,72,86,81,4,1265,10,981,2,2.066180665818833,31,3,378,Others
98,74,56,9,18,3,1024,19,533,2,3.939104177527303,3,1,244,Business
90,81,60,65,45,1,977,21,187,2,3.6063719588808425,99,4,92,Arts
76,93,93,61,75,1,1323,13,365,2,2.150009679604552,13,5,107,Arts
80,77,51,5,64,2,1416,16,919,1,3.6003357568178247,95,3,19,Technology
55,63,59,68,38,4,1122,22,716,3,3.3252658206873353,14,2,404,Business
65,64,76,7,41,4,1552,22,573,1,3.811475882715162,63,2,343,Healthcare
87,55,98,54,17,2,1590,12,162,1,2.915594563345304,43,9,490,Arts
87,73,65,19,44,1,996,6,110,2,3.006676925956202,18,8,488,Technology
99,92,67,51,18,1,1097,22,600,2,3.674626624021395,10,5,296,Others
81,89,69,38,63,1,987,23,179,4,2.9675755890385744,58,7,461,Healthcare
82,99,69,13,6,3,1116,27,523,2,3.052735802760644,38,4,435,Arts
98,87,51,11,79,2,1137,18,480,1,2.4887177579919038,63,7,378,Others
66,88,77,87,54,2,1005,9,872,2,2.6608450241282604,64,2,435,Others
82,61,86,54,60,2,1407,18,867,2,2.575296750765782,32,0,484,Technology
60,93,85,53,39,3,1315,22,773,1,2.0913264357333285,97,3,475,Others
62,74,59,75,0,1,1306,3,302,4,3.166067579520471,53,5,103,Healthcare
79,67,91,40,37,4,1465,30,989,3,3.6853030076848823,65,7,358,Others
50,71,63,95,36,4,1107,26,665,1,3.540625306996339,78,3,472,Arts
79,80,56,3,7,4,1138,20,262,2,2.4931712791315426,61,5,498,Healthcare
76,68,74,61,45,2,908,33,422,4,3.172619378033274,95,6,246,Healthcare
89,75,60,2,11,1,1535,13,275,3,2.980861312637243,67,2,496,Technology
72,79,93,71,4,2,1422,18,929,2,3.633107845883178,21,4,363,Technology
69,87,87,2,70,1,1066,30,552,1,2.7069598462088615,3,6,90,Technology
55,99,55,25,38,3,1325,5,584,3,2.0731939021435672,88,9,238,Business
86,90,90,46,40,2,803,23,518,2,3.774551624040506,10,6,277,Business
69,99,65,5,62,2,940,15,134,1,3.3405608561641986,68,0,78,Technology
86,92,64,16,70,1,808,17,374,2,2.363716920583556,71,1,243,Others
55,81,71,8,80,2,1578,16,464,2,2.411408315685779,14,8,119,Others
78,89,50,81,34,4,1574,32,617,1,2.79639970991682,59,3,140,Healthcare
62,61,85,92,80,3,1215,18,383,3,2.952776467676196,34,3,204,Others
76,64,83,78,96,1,1099,1,247,3,2.660600282378879,71,5,156,Others
99,82,64,56,28,4,1461,16,217,4,3.031340902995184,46,1,46,Arts
69,51,56,6,32,2,1069,3,180,3,3.7849005003945715,19,5,162,Healthcare
62,51,74,77,49,1,1127,30,711,1,3.2599214149592504,10,8,203,Technology
88,86,53,56,8,4,1101,35,909,1,2.7390583002041007,89,4,362,Technology
57,75,54,92,21,1,1340,14,522,1,3.7208861603829266,67,5,272,Others
66,62,87,3,50,4,1138,31,751,4,3.3914461019503617,23,3,297,Technology
79,58,90,59,24,4,1117,4,478,2,3.1874476965553598,81,6,461,Technology
50,62,81,4,16,4,1210,34,339,4,3.0330363311366604,94,9,39,Others
73,74,77,0,85,2,1106,20,413,1,2.1756740996555886,22,9,85,Others
65,69,91,75,10,1,1327,5,548,3,3.1858702751542296,3,6,239,Technology
60,53,53,38,32,1,909,12,502,2,2.7965185560091124,40,5,392,Arts
53,60,84,6,8,1,1491,15,393,2,3.100658088459472,8,6,57,Healthcare
53,57,91,20,59,4,1593,13,650,4,2.248130041709704,21,4,141,Arts
66,78,63,70,70,3,1330,29,882,4,3.572355112690051,60,7,285,Others
98,64,99,16,90,3,1351,21,815,3,3.0239120928650083,46,9,164,Healthcare
59,58,67,64,91,3,1488,33,878,4,3.661861114975199,70,1,478,Arts
70,96,92,67,45,2,1339,7,827,3,2.4136245192399377,78,7,429,Business
87,85,90,69,89,4,1259,15,235,3,3.8761683219108107,20,2,25,Arts
98,85,95,61,20,1,844,3,315,2,3.156369386694357,48,0,270,Technology
67,67,60,39,84,2,1478,10,188,3,2.1513714113753943,82,4,359,Technology
59,73,88,59,77,2,1041,28,245,3,2.6274353410629723,76,1,6,Technology
94,62,92,80,34,3,800,30,884,1,3.9653698150727217,61,5,484,Others
65,95,53,89,4,3,1449,35,220,2,3.226668238772998,19,6,95,Technology
88,57,77,94,48,1,1334,6,896,2,2.839494103587114,98,3,382,Healthcare
64,97,65,27,78,2,1437,25,470,3,3.8313828306995585,87,0,296,Arts
83,96,84,75,24,2,983,11,539,3,2.7225692365158944,56,5,217,Arts
54,89,86,64,65,4,1471,13,121,1,3.494291521166147,11,1,365,Others
66,80,92,33,43,4,1081,5,822,4,2.2925301625431813,50,0,111,Healthcare
86,69,89,25,77,1,1323,34,623,2,3.3943193916546965,47,5,32,Healthcare
57,92,94,52,97,3,1179,30,316,2,2.982879494118792,11,9,472,Healthcare
73,95,70,14,76,3,985,11,189,1,2.849258482995428,48,4,161,Business
77,51,75,48,16,3,1367,35,446,3,2.463218361531924,50,2,495,Technology
96,93,61,34,57,3,1585,13,330,2,3.9749117028933334,81,1,426,Business
57,68,94,40,5,1,904,22,115,1,2.247238703974504,43,1,281,Arts
72,64,67,50,97,1,1056,7,990,3,2.406983799334582,24,7,412,Others
84,75,55,62,95,1,1579,32,603,2,2.7548226528906117,13,6,77,Healthcare
80,87,69,43,8,4,1348,13,905,1,2.262240748270168,56,4,419,Technology
66,58,57,38,33,1,1539,3,709,4,3.870648948406374,15,9,419,Business
77,84,54,19,54,1,1005,24,121,4,3.8207627814510423,47,4,202,Business
97,76,81,42,64,4,1564,25,177,1,2.8763855606376074,19,7,498,Technology
97,61,79,98,32,4,1064,11,706,3,2.9848013907475623,38,7,24,Arts
61,94,92,21,95,3,1119,12,184,4,2.1241811949704115,63,0,162,Technology
73,61,77,20,2,3,1194,5,767,2,3.6787457323346278,48,8,231,Arts
64,90,82,90,27,4,1529,35,838,1,3.5609750759455827,84,7,183,Healthcare
89,86,93,35,80,2,1545,18,705,3,2.7865778903958445,22,0,337,Healthcare
80,99,91,27,87,3,809,5,614,1,2.9541745288898396,40,2,252,Arts
76,62,68,3,66,4,1430,27,495,3,3.3187235935274266,37,8,286,Arts
84,67,79,89,71,2,884,8,390,1,2.9311580736270235,40,3,244,Healthcare
67,81,63,7,45,3,1060,3,986,2,2.54638078810052,80,6,238,Others
85,60,94,4,20,3,1243,35,991,2,2.5949708861365632,44,7,228,Healthcare
57,98,59,4,64,1,839,34,421,3,3.034626016040905,54,5,187,Arts
95,60,58,53,7,4,1520,21,343,1,3.989062061559701,94,3,350,Others
98,61,75,9,89,3,1266,30,173,4,2.9798513574854137,8,8,128,Healthcare
87,79,83,68,24,2,1550,3,186,3,2.1115948398928794,62,4,144,Business
54,84,67,33,65,1,1518,15,507,3,3.877390832542588,80,4,70,Technology
63,60,99,49,99,1,1015,11,444,3,2.6119417921836376,46,3,24,Business
87,62,97,74,62,3,1550,13,423,1,2.079650753468224,29,7,350,Technology
69,99,66,23,94,4,1108,27,289,4,2.144571522791568,73,2,440,Business
93,89,99,57,34,1,1155,15,709,3,2.3422692082191574,4,4,347,Others
58,98,57,96,92,2,923,31,956,4,3.268312814050871,4,1,99,Healthcare
82,60,80,77,98,2,1360,4,995,4,2.735972164914048,32,3,287,Arts
67,52,66,21,21,2,1086,15,255,1,3.8346000822470794,7,3,211,Others
55,97,72,92,87,2,803,22,471,3,3.5865471286917976,12,3,98,Business
86,61,87,23,17,4,810,6,560,3,2.641673679082701,86,2,71,Technology
51,96,59,5,69,1,1088,17,203,4,3.9722316046139445,6,2,408,Others
79,91,96,61,3,2,949,8,190,2,3.3329975965968304,20,1,343,Others
55,77,62,2,89,2,910,21,201,2,2.0348775189023662,29,7,130,Business
66,53,74,0,21,4,1153,20,728,3,2.926176498391346,81,3,434,Business
88,66,72,9,59,2,1458,3,259,2,3.8206477496423465,68,3,413,Healthcare
90,50,64,71,6,3,1025,33,906,3,2.59192069509323,41,4,293,Arts
72,63,95,29,61,4,979,19,671,4,3.8537327799096706,34,5,100,Business
80,88,83,21,83,3,1004,18,256,4,3.230726308486584,81,5,320,Arts
69,54,54,80,22,4,991,3,520,2,3.1660872830571565,3,5,337,Others
54,53,55,78,23,1,1364,10,553,3,2.7316542065381313,62,9,402,Healthcare
70,69,62,83,85,4,1250,7,747,2,3.913847221331725,76,6,72,Others
92,67,91,37,76,2,1290,22,883,1,2.8612323404441886,47,6,390,Others
60,66,62,90,22,1,1278,8,646,3,3.268772479505687,95,1,118,Others
53,57,50,76,60,3,1491,22,241,4,3.2741707382532104,8,7,208,Others
72,74,55,79,10,3,1148,10,188,3,3.286786770716636,46,2,416,Healthcare
87,61,72,83,78,1,969,26,793,1,2.6120855564557965,28,6,162,Technology
79,72,91,18,57,4,1585,19,859,4,3.729482962468296,13,2,266,Technology
91,77,83,66,41,3,813,8,467,1,3.1872070810091704,97,0,320,Arts
90,52,99,16,69,2,1409,15,271,4,2.7768911638162423,92,7,83,Arts
67,58,51,75,39,3,1590,5,567,1,2.6445487191364023,25,0,300,Technology
90,58,60,99,74,2,1044,29,157,1,2.2273694820051917,77,2,442,Arts
92,75,56,9,61,3,1144,20,532,1,3.220484983697275,91,8,158,Arts
80,88,66,73,90,3,1214,10,495,2,3.5652148858726145,29,5,482,Business
79,83,57,30,26,1,1443,28,838,2,2.8449315885161375,7,3,71,Business
83,74,77,22,83,3,959,21,188,2,3.831321697990014,90,9,3,Technology
80,71,88,20,46,4,832,3,761,4,2.2510713005512537,2,3,200,Others
96,54,93,83,16,1,977,14,981,2,2.975778588388083,74,4,395,Healthcare
87,81,70,68,1,2,1351,33,570,2,3.2848516141511315,4,4,3,Business
74,61,91,79,83,1,1184,16,581,4,3.139208222717284,61,6,374,Technology
66,87,68,33,78,3,1550,6,855,1,3.7789886202270324,90,5,464,Technology
85,57,92,64,9,2,1336,13,139,3,3.3680669113640116,51,9,341,Healthcare
89,72,56,15,63,1,1140,6,783,2,3.650066261986811,66,7,122,Technology
79,92,88,77,63,1,1355,31,964,3,3.3242518214446903,28,8,479,Healthcare
51,81,84,9,60,1,1161,8,502,1,2.68848694432908,56,7,482,Business
73,59,99,49,35,1,1530,21,224,3,2.5451675929687827,74,9,24,Healthcare
58,68,60,10,99,3,1019,20,244,1,2.6999226858249172,84,0,356,Arts
50,73,89,34,8,2,890,35,105,3,2.8163562884318605,68,5,191,Others
73,69,90,39,90,1,1257,27,515,4,3.6536149470096797,56,7,287,Business
87,75,90,48,56,4,1146,12,120,4,3.4218721015408904,14,7,123,Business
97,55,77,44,45,1,1225,19,383,3,3.6536847288800898,70,2,392,Business
76,75,80,1,77,1,959,18,313,4,3.850272792241618,93,3,337,Others
75,95,86,72,61,3,1352,1,810,1,3.6295943175992376,87,1,30,Others
75,97,84,0,89,3,1023,5,891,1,3.9245551496580897,66,1,38,Healthcare
56,74,75,11,44,4,1064,17,852,2,3.899722879108993,54,2,252,Healthcare
74,94,77,26,52,4,1233,26,843,1,2.6419235685129707,30,3,163,Arts
65,76,81,94,14,1,1476,34,795,2,2.7846141185626854,67,8,56,Healthcare
87,93,98,42,13,1,1137,29,643,2,3.1504115888654622,93,1,157,Healthcare
91,82,93,19,58,2,1185,35,152,1,3.3810923926103014,20,8,144,Arts
67,80,53,85,6,4,986,18,737,4,2.929411341597417,54,6,243,Arts
66,64,50,1,72,2,1085,8,924,3,3.5755380570481305,79,2,435,Healthcare
98,57,87,60,51,3,1045,1,270,4,3.2640136257022947,26,4,42,Arts
